Nama,Alamat,Username,Password,Role
Julian Owen,Buttonwood Vale, 864,Julian,567308978,Pengunjung
Javier Edwards,Wadham  Walk, 66,Javier,464415246,Admin
Ron Edler,Emden   Way, 1023,Ron,29018137,Admin
Nick Coll,Collins  Tunnel, 4794,Nick,422052399,Pengunjung
Barney Stanley,Liverpool  Tunnel, 9769,Barney,750802346,Pengunjung
Olivia Egerton,Bendall   Vale, 3637,Olivia,550367161,Admin
Bob Drake,Ellerman   Lane, 4032,Bob,633497504,Pengunjung
Barry Herbert,Bingham   Tunnel, 9453,Barry,316883515,Pengunjung
Denis Kennedy,Blue Anchor  Route, 8076,Denis,961586682,Admin
Elijah Herbert,Blackall   Tunnel, 3478,Elijah,622236947,Pengunjung
Valerie Jacobs,Ely  Route, 5035,Valerie,713309942,Admin
Bryon Shea,Birkin   Crossroad, 673,Bryon,798335710,Admin
Luke Uddin,Kingly  Way, 8628,Luke,284694658,Admin
Lily Parker,Betton  Tunnel, 7422,Lily,67292369,Admin
Piper Matthews,Catherine  Lane, 5556,Piper,65478500,Pengunjung
Julia Everett,Maple Crossroad, 8964,Julia,486146616,Admin
Meredith Patel,Howard Grove, 2932,Meredith,601751398,Admin
Barry Swift,Fawn Avenue, 9870,Barry,467331105,Admin
Harry Ripley,Lincoln Boulevard, 7473,Harry,661251061,Pengunjung
Georgia Nicholls,Clere  Way, 2568,Georgia,941176732,Pengunjung
Carl Hunt,Arline    Tunnel, 2197,Carl,932326298,Pengunjung
Fred Campbell,Spruce Route, 4311,Fred,727380499,Pengunjung
Emely Kennedy,Boldero   Grove, 5373,Emely,562017468,Pengunjung
Margaret Woodcock,Thrale   Alley, 9750,Margaret,417808019,Pengunjung
Camila Keys,West Rue, 7222,Camila,467277220,Pengunjung
Javier Chapman,Bekesbourne   Way, 9375,Javier,472126943,Pengunjung
Rosalie Niles,Carlisle  Avenue, 6797,Rosalie,261653288,Pengunjung
Owen Gibbons,Geary   Pass, 1942,Owen,205071247,Admin
Nick Weatcroft,Chantry   Alley, 3348,Nick,480076068,Admin
Ron Higgs,Bales  Lane, 9695,Ron,51825866,Pengunjung
Renee Evans,Birkin   Lane, 2759,Renee,156270862,Admin
Harry Locke,Blanchard  Crossroad, 8461,Harry,332950884,Admin
Joyce Whittle,Garfield Avenue, 5838,Joyce,837496689,Pengunjung
Brad Flack,Woodland Alley, 9956,Brad,843668881,Pengunjung
Carter Wills,Blean   Grove, 1320,Carter,445989300,Pengunjung
Juliet Lakey,Andsell    Avenue, 4500,Juliet,957276152,Admin
Britney Cann,Elba  Rue, 8822,Britney,455578997,Pengunjung
Chester Morris,Under  Street, 3067,Chester,513867272,Pengunjung
Rebecca Simmons,Aberavon  Route, 1508,Rebecca,64056999,Admin
Brad Broomfield,Cadogan  Drive, 3482,Brad,119065892,Admin
Cedrick Roberts,Boleyn  Pass, 2432,Cedrick,917784080,Pengunjung
Holly Darcy,Belmore  Way, 8131,Holly,844715374,Pengunjung
Domenic Reese,Zealand Road, 172,Domenic,793996506,Admin
Hope Collingwood,Blackheath   Road, 8136,Hope,650656718,Admin
Nathan Anderson,Babmaes    Walk, 5494,Nathan,542115653,Admin
Johnathan Ebbs,Bellenden  Rue, 7911,Johnathan,215582109,Pengunjung
Judith Nanton,St. Johs  Way, 8153,Judith,91023924,Admin
Mark Hilton,Boldero   Avenue, 4946,Mark,692478895,Admin
Henry Booth,Blenkarne  Avenue, 5578,Henry,198385264,Admin
Jocelyn Collins,Collins  Hill, 2396,Jocelyn,504801323,Admin
Julius Dann,Addison  Avenue, 996,Julius,760362773,Pengunjung
Gabriel Shaw,Bayberry Rue, 2770,Gabriel,17861055,Pengunjung
Harvey Watt,Fawn Hill, 9618,Harvey,559348793,Admin
Aiden Shields,Andrews  Crossroad, 7413,Aiden,745325370,Pengunjung
Liliana Utterson,Pine Avenue, 4938,Liliana,143513437,Pengunjung
Aileen Dobson,Vintners  Route, 6647,Aileen,144373328,Pengunjung
Hank Yoman,Thrale   Lane, 8741,Hank,711114156,Admin
Leah Lloyd,Dutton   Route, 3547,Leah,409545511,Pengunjung
Nicholas Thorne,Catherine  Tunnel, 1886,Nicholas,325259644,Pengunjung
Lexi Ellis,Clifton  Road, 882,Lexi,487031538,Pengunjung
Rita Norman,Bedford  Route, 58,Rita,973713196,Admin
Matthew Cork,Duthie   Drive, 1081,Matthew,698654292,Pengunjung
Jacob Poulton,Birkin   Lane, 865,Jacob,330637072,Admin
Rocco Power,Blendon    Hill, 1308,Rocco,265688334,Pengunjung
Benny Paterson,Tilloch   Vale, 7630,Benny,167212763,Admin
Harvey Nobbs,Bagford   Avenue, 9732,Harvey,565221180,Pengunjung
Nate Powell,Cobden  Lane, 4182,Nate,64502168,Admin
Ethan Gonzales,Clifton  Drive, 3232,Ethan,357956726,Admin
Owen Wright,Chalcot  Grove, 3950,Owen,804811877,Pengunjung
Noah Maxwell,Angel  Lane, 8087,Noah,522070628,Admin
Aiden Corbett,Bede  Vale, 6172,Aiden,146347324,Pengunjung
Domenic Freeburn,Wake  Drive, 5834,Domenic,340362419,Admin
Jacob London,Billing  Tunnel, 1731,Jacob,136027196,Admin
Javier Lynn,Rosewood Rue, 9429,Javier,340563638,Admin
Hannah Thorpe,Chester  Street, 1337,Hannah,632359349,Pengunjung
Jack Eyres,Endsleigh  Crossroad, 8210,Jack,840702870,Admin
Danny Stanley,Charterhouse  Walk, 6585,Danny,604238129,Admin
Anthony Trent,Wake  Street, 1340,Anthony,553978459,Pengunjung
Kaylee Phillips,Sherlock   Tunnel, 8800,Kaylee,800083760,Admin
Javier Stewart,Spruce Tunnel, 795,Javier,278929218,Pengunjung
Mike Poole,King Boulevard, 7694,Mike,207338479,Pengunjung
Sharon Kirby,Cam  Grove, 6468,Sharon,672916585,Admin
Jaylene Grady,Collins  Avenue, 7357,Jaylene,367308034,Pengunjung
Ciara Allwood,Norfolk  Boulevard, 7461,Ciara,805680914,Pengunjung
Louise Adler,Marischal  Rue, 5593,Louise,272325502,Pengunjung
Carmen Mitchell,Rivervalley Walk, 5309,Carmen,873861808,Admin
Priscilla Morrison,Lake Alley, 9306,Priscilla,232006732,Pengunjung
Madison Gregory,Gavel   Drive, 5875,Madison,699178003,Admin
Gladys Rogers,Cavendish Drive, 2569,Gladys,675313322,Pengunjung
Chanelle Chester,Elizabeth  Lane, 2980,Chanelle,898759182,Admin
Anne Dwyer,Kingly  Walk, 8325,Anne,201923844,Admin
Leilani Windsor,Empress  Avenue, 2801,Leilani,344849965,Admin
Parker Funnell,Bond Drive, 3621,Parker,121404737,Admin
Vivian Camden,East Lane, 457,Vivian,673255591,Pengunjung
Mayleen Amstead,Canon Avenue, 3733,Mayleen,760036647,Admin
Melanie Fox,Ellerman   Tunnel, 7187,Melanie,853385748,Admin
Mackenzie Hopkins,Earl Rise Way, 9105,Mackenzie,437474163,Admin
Isabella Raven,Black Friars   Lane, 8009,Isabella,822603411,Admin
Violet Gilmour,Berry  Pass, 1046,Violet,287417804,Admin
Rhea Lindop,Ernest  Hill, 1987,Rhea,972215827,Admin
Saya Admin, Rumah Admin,admin,226188106,Admin
WShit,Jalan WShit,wshit,908444174,Pengunjung
Ayyub,Jalan Cemara,No 10 BuahBatu,Ayyub29,98,Pengunjung
Ayyub,Jalan Cemara,No 10 BuahBatu,Ayyub,99,Admin
thor,asgard 34,loki,426083055,Pengunjung
buah,jalan sirsak,pisang,7887562,Pengunjung
